_id,imgTitle,imgUrl
6417ea04395aef047ab1f4ab,Space Mining,../img/spaceMining.jpg
64190a5d703407ef4f0bd917,Underwater City,../img/underwaterCity.jpg
6419267da2b450a580154582,Giant Tornado,../img/giantTornado.jpg
641a91743554327e1630fd0c,Lost Staircase,../img/lostStaircase.jpg
641facada1a15ab54a2148c4,Big Machine,../img/bigMachine.jpg
641facada1a15ab54a2148c5,Biological Anomoly,../img/bioAnomolyPlanets.jpg
641facada1a15ab54a2148c6,DnD Dragon Battle,../img/dndDragon.jpg
641facada1a15ab54a2148c7,DnD Kingdom,../img/dndKingdom.jpg
641facada1a15ab54a2148c8,DnD Mage Village,../img/dndMageVillage.jpg
641facada1a15ab54a2148c9,DnD Adventure Start,../img/dndStart.jpg
641facada1a15ab54a2148ca,DnD Warrior,../img/dndWarrior.jpg
641facada1a15ab54a2148cb,Fantasy World,../img/fantasyWorld.jpg
641facada1a15ab54a2148cc,Furballs,../img/furballs.jpg
641facada1a15ab54a2148cd,Shadow Figure,../img/horrorFigure.jpg
641facada1a15ab54a2148ce,Twisted Hallway,../img/horrorHallway.jpg
641facada1a15ab54a2148cf,Kraken Ship,../img/krakenShip.jpg
641facada1a15ab54a2148d0,Mermaid and Ship,../img/mermaidShip.jpg
641facada1a15ab54a2148d1,Meteor Strike,../img/meteorStrike.jpg
641facada1a15ab54a2148d2,Monster Outside,../img/monsterOutside.jpg
641facada1a15ab54a2148d3,Naturally Occuring Portal,../img/naturalPortal.jpg
641facada1a15ab54a2148d4,Pirate Ship Factions,../img/pirateShips.jpg
641facada1a15ab54a2148d5,Rugged Space Explorer,../img/spaceExplorer.jpg
641facada1a15ab54a2148d6,Temple to the Gods,../img/sunTemple.jpg
641facada1a15ab54a2148d7,Time Machine,../img/timeMachine.jpg
641facada1a15ab54a2148d8,Alien Astronaut,../img/alienAstro.jpg