imgUrl,imgTitle,imgAlt
../img/bigMachine.jpg,Big Machine,Default alt
../img/bioAnomolyPlanets.jpg,Biological Anomoly,Default alt
../img/dndDragon.jpg,DnD Dragon Battle,Default alt
../img/dndKingdom.jpg,DnD Kingdom,Default alt
../img/dndMageVillage.jpg,DnD Mage Village,Default alt
../img/dndStart.jpg,DnD Adventure Start,Default alt
../img/dndWarrior.jpg,DnD Warrior,Default alt
../img/fantasyWorld.jpg,Fantasy World,Default alt
../img/furballs.jpg,Furballs,Default alt
../img/horrorFigure.jpg,Shadow Figure,Default alt
../img/horrorHallway.jpg,Twisted Hallway,Default alt
../img/krakenShip.jpg,Kraken Ship,Default alt
../img/mermaidShip.jpg,Mermaid and Ship,Default alt
../img/meteorStrike.jpg,Meteor Strike,Default alt
../img/monsterOutside.jpg,Monster Outside,Default alt
../img/naturalPortal.jpg,Naturally Occuring Portal,Default alt
../img/pirateShips.jpg,Pirate Ship Factions,Default alt
../img/spaceExplorer.jpg,Rugged Space Explorer,Default alt
../img/sunTemple.jpg,Temple to the Gods,Default alt
../img/timeMachine.jpg,Time Machine,Default alt
../img/alienAstro.jpg,Alien Astronaut,Default alt
